,Variance,Range,Median,Skewness,Kurtosis
sepal length (cm),0.685693512,3.6,5.8,0.314910957,-0.552064041
sepal width (cm),0.189979418,2.4,3,0.318965665,0.228249042
petal length (cm),3.116277852,5.9,4.35,-0.27488418,-1.402103416
petal width (cm),0.581006264,2.4,1.3,-0.102966748,-1.340603997
