,Variance,Range,Median,Skewness,Kurtosis
sepal length (cm),0.6856935123042507,3.6000000000000005,5.8,0.3149109566369728,-0.5520640413156395
sepal width (cm),0.189979418344519,2.4000000000000004,3.0,0.31896566471359966,0.2282490424681929
petal length (cm),3.116277852348993,5.9,4.35,-0.27488417975101276,-1.4021034155217518
petal width (cm),0.5810062639821029,2.4,1.3,-0.10296674764898116,-1.340603996612646
