feature,f_statistic,p_value,significant
sepal length (cm),119.26450218450468,1.6696691907693837e-31,True
sepal width (cm),49.160040089612075,4.492017133309084e-17,True
petal length (cm),1180.1611822529785,2.85677661096199e-91,True
petal width (cm),960.0071468018067,4.169445839443882e-85,True
