,sepal length (cm),sepal width (cm),petal length (cm),petal width (cm)
sepal length (cm),1.0,0.7425466856651594,0.2671757588687573,0.2780983529359698
sepal width (cm),0.7425466856651594,1.0,0.1776999667822706,0.23275201136287915
petal length (cm),0.2671757588687573,0.1776999667822706,1.0,0.3316300408041187
petal width (cm),0.2780983529359698,0.23275201136287915,0.3316300408041187,1.0
