,sepal length (cm),sepal width (cm),petal length (cm),petal width (cm)
sepal length (cm),1.0,0.45722781639411325,0.8642247329355763,0.2811077091573193
sepal width (cm),0.45722781639411325,1.0,0.40104457734278526,0.5377280262661884
petal length (cm),0.8642247329355763,0.40104457734278526,1.0,0.3221082159003181
petal width (cm),0.2811077091573193,0.5377280262661884,0.3221082159003181,1.0
