,sepal length (cm),sepal width (cm),petal length (cm),petal width (cm)
sepal length (cm),1.0,0.5259107172828247,0.754048958592016,0.54646107159863
sepal width (cm),0.5259107172828247,1.0,0.5605220916929821,0.6639987200241112
petal length (cm),0.754048958592016,0.5605220916929821,1.0,0.786668088522817
petal width (cm),0.54646107159863,0.6639987200241112,0.786668088522817,1.0
