Model,Accuracy,Precision,Recall,F1-Score
Support Vector Machine (SVM),0.9666666666666667,0.9696969696969696,0.9666666666666667,0.9665831244778613
Logistic Regression,0.9333333333333333,0.9333333333333333,0.9333333333333333,0.9333333333333333
K-Nearest Neighbors (KNN),0.9333333333333333,0.9444444444444445,0.9333333333333333,0.9326599326599326
Decision Tree,0.9333333333333333,0.9333333333333333,0.9333333333333333,0.9333333333333333
Random Forest,0.9,0.9023569023569024,0.9,0.8997493734335839
